Year,EE_STOR_MF_BASIC,EE_STOR_MF_GAS,EE_STOR_MF_HP,EE_STOR_OS_BASIC,EE_STOR_OS_HP,EE_STOR_SF_GAS,EE_STOR_SF_HP,H_STOR_DH,H_STOR_MF_HP,H_STOR_OS_HP,H_STOR_SF_HP
0,300000.0,160000.0,12000.0,540000.0,80000.0,10000.0,12000.0,100000.0,100000.0,60000.0,6000.0
1,300000.0,160000.0,12000.0,540000.0,19999.999999999996,9000.0,12000.0,0.0,82000.00000000001,59999.999999999985,24000.0
2,300000.0,200000.0,0.0,240000.0,120000.0,20000.0,0.0,0.0,0.0,360000.0,0.0
