Hour,0,1,2
0,0.0,15.838596802138317,90.02987128064346
1,0.0,15.19021415750132,86.34432976667608
2,0.0,14.997777567716787,85.25048025308477
3,0.0,14.86221584860877,84.47991930792391
4,0.0,14.944488991120183,84.94757692448478
5,0.0,20.204204716588528,114.84489268119131
6,16.989408138956524,16.13994622671276,91.74280395036519
7,0.0,0.0,0.0
8,0.0,0.0,0.0
9,0.0,0.0,0.0
10,0.0,0.0,0.0
11,0.0,0.0,0.0
12,0.0,0.0,0.0
13,0.0,0.0,0.0
14,0.0,0.0,169.14079653337174
15,0.0,0.0,170.48015713001737
16,0.0,0.0,0.0
17,0.0,0.0,172.13569758935216
18,0.0,0.0,0.0
19,0.0,13.189304016702145,0.0
20,0.0,0.0,0.0
21,0.0,0.0,0.0
22,0.0,0.0,0.0
23,0.0,0.0,0.0
24,0.0,0.0,0.0
25,0.0,0.0,0.0
26,0.0,0.0,0.0
27,0.0,0.0,0.0
28,0.0,0.0,0.0
29,0.0,0.0,0.0
30,0.0,0.0,0.0
31,0.0,0.0,0.0
32,0.0,0.0,0.0
33,0.0,0.0,0.0
34,0.0,0.0,0.0
35,0.0,0.0,0.0
36,0.0,0.0,0.0
37,0.0,0.0,0.0
38,0.0,0.0,0.0
39,0.0,0.0,23.919216833393623
40,0.0,0.0,0.0
41,0.0,2.2162879407295875,0.0
42,0.0,0.0,0.0
43,0.0,0.0,0.0
44,0.0,0.0,0.0
45,0.0,0.0,0.0
46,0.0,0.0,0.0
47,0.0,0.0,0.0
48,0.0,0.0,0.0
49,0.0,0.0,0.0
50,0.0,0.0,0.0
51,0.0,0.0,0.0
52,0.0,0.0,0.0
53,0.0,0.0,0.0
54,0.0,0.0,0.0
55,0.0,0.0,0.0
56,0.0,0.0,0.0
57,0.0,0.0,0.0
58,0.0,0.0,0.0
59,0.0,0.0,0.0
60,0.0,0.0,0.0
61,0.0,0.0,0.0
62,0.0,0.0,0.0
63,0.0,0.0,0.0
64,0.0,0.0,0.0
65,0.0,3.3194975451015196,0.0
66,0.0,0.0,0.0
67,0.0,0.0,19.561439002284622
68,0.0,0.0,0.0
69,0.0,0.0,0.0
70,0.0,0.0,0.0
71,0.0,0.0,0.0
72,0.0,0.0,0.0
73,0.0,7.32327097588017,0.0
74,0.0,7.093318129982528,0.0
75,0.0,16.723453825742514,95.05958224128261
76,0.0,16.54110482698571,0.0
77,0.0,16.329136757847543,92.81820219292173
78,0.0,0.0,91.27352593215
79,0.0,16.141509479930633,0.0
80,0.0,0.0,0.0
81,0.0,0.0,0.0
82,0.0,0.0,0.0
83,0.0,0.0,0.0
84,0.0,0.0,137.85922048048045
85,0.0,20.05504267963713,0.0
86,0.0,0.0,0.0
87,0.0,0.0,79.98691434188478
88,0.0,0.0,0.0
89,0.0,0.0,0.0
90,0.0,0.0,0.0
91,0.0,0.0,0.0
92,0.0,0.0,0.0
93,0.0,0.0,0.0
94,0.0,0.0,0.0
95,0.0,0.0,0.0
96,0.0,0.0,0.0
97,0.0,0.0,0.0
98,0.0,0.0,89.43974558254567
99,0.0,0.0,0.0
